{
  "categories": [
    {
      "name": "English",
      "subcategories": [
        "IELTS",
        "TOEIC",
        "Speaking"
      ]
    },
    {
      "name": "Programming",
      "subcategories": [
        "Python",
        "Web",
        "Data"
      ]
    },
    {
      "name": "Design",
      "subcategories": [
        "UI/UX",
        "Graphic"
      ]
    }
  ],
  "courses": [
    {
      "id": "eng-001",
      "title": "IELTS Academic Complete Preparation",
      "category": "English",
      "subcategory": "IELTS",
      "link": "https://www.britishcouncil.org/ielts-preparation"
    },
    {
      "id": "eng-002",
      "title": "IELTS General Training Mastery",
      "category": "English",
      "subcategory": "IELTS",
      "link": "https://www.cambridgeenglish.org/ielts/general-training/"
    },
    {
      "id": "eng-003",
      "title": "TOEIC Listening & Reading Intensive",
      "category": "English",
      "subcategory": "TOEIC",
      "link": "https://www.ets.org/toeic/prepare/"
    },
    {
      "id": "eng-004",
      "title": "TOEIC Speaking & Writing Advanced",
      "category": "English",
      "subcategory": "TOEIC",
      "link": "https://www.kaplaninternational.com/toeic-preparation"
    },
    {
      "id": "eng-005",
      "title": "Business English Speaking Fluency",
      "category": "English",
      "subcategory": "Speaking",
      "link": "https://englishlive.ef.com/business-english/"
    },
    {
      "id": "eng-006",
      "title": "Conversational English Mastery",
      "category": "English",
      "subcategory": "Speaking",
      "link": "https://preply.com/en/online/english-speaking"
    },
    {
      "id": "eng-007",
      "title": "IELTS Speaking Band 9 Preparation",
      "category": "English",
      "subcategory": "Speaking",
      "link": "https://ieltsliz.com/ielts-speaking-free-lessons/"
    },
    {
      "id": "prog-001",
      "title": "Python for Data Science",
      "category": "Programming",
      "subcategory": "Python",
      "link": "https://www.coursera.org/specializations/python-data-science"
    },
    {
      "id": "prog-002",
      "title": "Complete Python Bootcamp",
      "category": "Programming",
      "subcategory": "Python",
      "link": "https://www.udemy.com/course/complete-python-bootcamp/"
    },
    {
      "id": "prog-003",
      "title": "Advanced Python Programming",
      "category": "Programming",
      "subcategory": "Python",
      "link": "https://www.edx.org/course/advanced-python-programming"
    },
    {
      "id": "prog-004",
      "title": "Full-Stack Web Development",
      "category": "Programming",
      "subcategory": "Web",
      "link": "https://www.freecodecamp.org/learn/"
    },
    {
      "id": "prog-005",
      "title": "React & Redux Complete Guide",
      "category": "Programming",
      "subcategory": "Web",
      "link": "https://www.udemy.com/course/react-redux/"
    },
    {
      "id": "prog-006",
      "title": "Node.js Backend Development",
      "category": "Programming",
      "subcategory": "Web",
      "link": "https://www.pluralsight.com/courses/nodejs-backend-development"
    },
    {
      "id": "prog-007",
      "title": "Machine Learning with Python",
      "category": "Programming",
      "subcategory": "Data",
      "link": "https://www.coursera.org/learn/machine-learning"
    },
    {
      "id": "prog-008",
      "title": "Data Analysis with Pandas",
      "category": "Programming",
      "subcategory": "Data",
      "link": "https://www.datacamp.com/courses/pandas-foundations"
    },
    {
      "id": "prog-009",
      "title": "SQL for Data Science",
      "category": "Programming",
      "subcategory": "Data",
      "link": "https://www.coursera.org/learn/sql-for-data-science"
    },
    {
      "id": "prog-010",
      "title": "JavaScript ES6+ Complete Course",
      "category": "Programming",
      "subcategory": "Web",
      "link": "https://www.youtube.com/playlist?list=PL4cUxeGkcC9haFPT7J25Q9GQf8bJxV3Uc"
    },
    {
      "id": "design-001",
      "title": "UI/UX Design Fundamentals",
      "category": "Design",
      "subcategory": "UI/UX",
      "link": "https://www.interaction-design.org/courses"
    },
    {
      "id": "design-002",
      "title": "Figma Masterclass",
      "category": "Design",
      "subcategory": "UI/UX",
      "link": "https://www.skillshare.com/classes/figma-masterclass/"
    },
    {
      "id": "design-003",
      "title": "Adobe XD Complete Course",
      "category": "Design",
      "subcategory": "UI/UX",
      "link": "https://www.udemy.com/course/adobe-xd-complete-course/"
    },
    {
      "id": "design-004",
      "title": "Photoshop CC Masterclass",
      "category": "Design",
      "subcategory": "Graphic",
      "link": "https://helpx.adobe.com/photoshop/tutorials.html"
    },
    {
      "id": "design-005",
      "title": "Illustrator for Beginners",
      "category": "Design",
      "subcategory": "Graphic",
      "link": "https://www.linkedin.com/learning/illustrator-2021-essential-training"
    },
    {
      "id": "design-006",
      "title": "Canva Design School",
      "category": "Design",
      "subcategory": "Graphic",
      "link": "https://www.canva.com/designschool/"
    },
    {
      "id": "eng-008",
      "title": "IELTS Writing Task 2 Mastery",
      "category": "English",
      "subcategory": "IELTS",
      "link": "https://www.ieltsadvantage.com/writing-task-2/"
    },
    {
      "id": "prog-011",
      "title": "Django Web Framework",
      "category": "Programming",
      "subcategory": "Python",
      "link": "https://developer.mozilla.org/en-US/docs/Learn/Server-side/Django"
    },
    {
      "id": "design-007",
      "title": "Sketch for UI Design",
      "category": "Design",
      "subcategory": "UI/UX",
      "link": "https://www.sketch.com/learn/"
    }
  ]
}